{"净值日期":{"0":"2020-02-13","1":"2020-02-12","2":"2020-02-11","3":"2020-02-10","4":"2020-02-07","5":"2020-02-06","6":"2020-02-05","7":"2020-02-04","8":"2020-02-03","9":"2020-01-23"},"单位净值":{"0":1.884,"1":1.886,"2":1.825,"3":1.828,"4":1.804,"5":1.793,"6":1.739,"7":1.711,"8":1.594,"9":1.718},"累计净值":{"0":1.884,"1":1.886,"2":1.825,"3":1.828,"4":1.804,"5":1.793,"6":1.739,"7":1.711,"8":1.594,"9":1.718},"日增长率":{"0":"-0.11%","1":"3.34%","2":"-0.16%","3":"1.33%","4":"0.61%","5":"3.11%","6":"1.64%","7":"7.34%","8":"-7.22%","9":"-2.05%"},"申购状态":{"0":"开放申购","1":"开放申购","2":"开放申购","3":"开放申购","4":"开放申购","5":"开放申购","6":"开放申购","7":"开放申购","8":"开放申购","9":"开放申购"},"赎回状态":{"0":"开放赎回","1":"开放赎回","2":"开放赎回","3":"开放赎回","4":"开放赎回","5":"开放赎回","6":"开放赎回","7":"开放赎回","8":"开放赎回","9":"开放赎回"},"分红送配":{"0":null,"1":null,"2":null,"3":null,"4":null,"5":null,"6":null,"7":null,"8":null,"9":null}}