﻿positionId,positionName,companyId,companySize,industryField,financeStage,companyLabelList,firstType,secondType,thirdType,skillLables,positionLables,industryLables,createTime,formatCreateTime,district,businessZones,salary,workYear,jobNature,education,positionAdvantage,imState,lastLogin,publisherId,approve,subwayline,stationname,linestaion,latitude,longitude,hitags,resumeProcessRate,resumeProcessDay,score,newScore,matchScore,matchScoreExplain,query,explain,isSchoolJob,adWord,plus,pcShow,appShow,deliver,gradeDescription,promotionScoreExplain,isHotHire,count,aggregatePositionIds,famousCompany
6802721,数据分析,475770,50-150人,"移动互联网,电商",A轮,"['绩效奖金', '带薪年假', '定期体检', '弹性工作']",产品|需求|项目类,数据分析,数据分析,"['SQL', '数据库', '数据运营', 'BI']","['电商', '社交', 'SQL', '数据库', '数据运营', 'BI']","['电商', '社交', 'SQL', '数据库', '数据运营', 'BI']",2020/3/16 11:00,11:00发布,余杭区,['仓前'],37500,1-3年,全职,本科,五险一金、弹性工作、带薪年假、年度体检,today,2020/3/16 11:00,12022406,1,,,,30.278421,120.005922,,50,1,233,0,15.101875,,,,0,0,,0,0,0,,,0,0,[],FALSE
5204912,数据建模,50735,150-500人,电商,B轮,"['年终奖金', '做五休二', '六险一金', '子女福利']",开发|测试|运维类,数据开发,建模,"['算法', '数据架构']","['算法', '数据架构']",[],2020/3/16 11:08,11:08发布,滨江区,"['西兴', '长河']",15000,3-5年,全职,本科,"六险一金,定期体检,丰厚年终",disabled,2020/3/16 11:08,5491688,1,,,,30.188041,120.201179,,23,1,176,0,32.559414,,,,0,0,,0,0,0,,,0,0,[],FALSE
6877668,数据分析,100125,2000人以上,"移动互联网,企业服务",上市公司,"['节日礼物', '年底双薪', '股票期权', '带薪年假']",产品|需求|项目类,数据分析,数据分析,"['数据库', '数据分析', 'SQL']","['数据库', 'SQL']",[],2020/3/16 10:33,10:33发布,江干区,"['四季青', '钱江新城']",3500,1-3年,全职,本科,五险一金 周末双休 不加班 节日福利,today,2020/3/16 10:33,5322583,1,4号线,江锦路,4号线_城星路;4号线_市民中心;4号线_江锦路,30.241521,120.212539,,11,4,80,0,14.972357,,,,0,0,,0,0,0,,,0,0,[],FALSE
6496141,数据分析,26564,500-2000人,电商,D轮及以上,"['生日趴', '每月腐败基金', '每月补贴', '年度旅游']",开发|测试|运维类,数据开发,数据分析,[],['电商'],['电商'],2020/3/16 10:10,10:10发布,江干区,,45000,3-5年,全职,本科,年终奖等,threeDays,2020/3/16 10:10,9814560,1,1号线,文泽路,1号线_文泽路,30.299404,120.350304,,100,1,68,0,12.874153,,,,0,0,,0,0,0,,,0,0,[],TRUE
6467417,数据分析,29211,2000人以上,物流丨运输,上市公司,"['技能培训', '免费班车', '专项奖金', '岗位晋升']",产品|需求|项目类,数据分析,数据分析,"['BI', '数据分析', '数据运营']","['BI', '数据运营']",[],2020/3/16 9:56,09:56发布,余杭区,['仓前'],30000,3-5年,全职,大专,五险一金,disabled,2020/3/16 9:56,6392394,1,,,,30.282952,120.009765,,20,1,66,0,12.755375,,,,0,0,,0,0,0,,,0,0,[],TRUE
6882347,数据分析,94826,50-150人,"移动互联网,社交",B轮,"['股票期权', '扁平管理', '五险一金', '岗位晋升']",产品|需求|项目类,数据分析,数据分析,"['BI', '可视化', '数据分析', '数据库']","['音乐', '直播', 'BI', '可视化', '数据库']","['音乐', '直播', 'BI', '可视化', '数据库']",2020/3/16 9:54,09:54发布,余杭区,,50000,1-3年,全职,本科,团建 野生蹦迪 文艺咖 声音发烧友,threeDays,2020/3/16 9:54,11484869,1,,,,30.275854,119.997073,,16,1,66,0,12.718732,,,,0,0,,0,0,0,,,0,0,[],FALSE
6841659,数据分析,348784,50-150人,"移动互联网,电商",A轮,"['大牛团队', '扁平管理', '年底双薪', '股票期权']",产品|需求|项目类,数据分析,数据分析,[],['工具软件'],['工具软件'],2020/3/16 9:41,09:41发布,萧山区,['宁围'],30000,1-3年,全职,本科,大牛团队 大数据产品,threeDays,2020/3/16 9:41,15009222,1,,,,30.203631,120.247683,,100,1,65,0,12.615116,,,,0,0,,0,0,0,,,0,0,[],FALSE
6764018,数据建模工程师,13163,500-2000人,移动互联网,上市公司,"['绩效奖金', '股票期权', '年底双薪', '专项奖金']",开发|测试|运维类,数据开发,建模,"['Hadoop', 'Spark', 'MySQL', 'Oracle']","['云计算', '大数据', 'Hadoop', 'Spark', 'MySQL', 'Oracle']","['云计算', '大数据', 'Hadoop', 'Spark', 'MySQL', 'Oracle']",2020/3/16 11:18,11:18发布,西湖区,"['翠苑', '文一路', '古墩路']",35000,应届毕业生,全职,不限,16-18薪 大数据A股上市公司,today,2020/3/16 11:02,158057,1,2号线,丰潭路,2号线_古翠路;2号线_丰潭路,30.29031,120.11456,,1,1,47,0,3.0332372,,,,1,0,,0,0,0,,,0,0,[],TRUE
6458372,数据分析专家,34132,150-500人,"数据服务,广告营销",A轮,"['开放式办公', '扁平管理', '带薪假期', '弹性工作时间']",产品|需求|项目类,数据分析,其他数据分析,"['数据分析', '数据运营']","['电商', '广告营销', '数据分析', '数据运营']","['电商', '广告营销', '数据分析', '数据运营']",2020/3/16 10:57,10:57发布,余杭区,,60000,5-10年,全职,本科,六险一金、境内外旅游、带薪年假、培训发展,today,2020/3/16 9:51,7542546,1,,,,30.28185,120.01569,,83,1,24,0,1.1419516,,,,0,0,,0,0,0,,,0,0,[],FALSE
6786904,数据分析师,13163,500-2000人,移动互联网,上市公司,"['绩效奖金', '股票期权', '年底双薪', '专项奖金']",开发|测试|运维类,数据开发,BI工程师,"['Hive', '数据挖掘', '数据分析', 'SQLServer']","['企业服务', '大数据', 'Hive', '数据挖掘', '数据分析', 'SQLServer']","['企业服务', '大数据', 'Hive', '数据挖掘', '数据分析', 'SQLServer']",2020/3/16 11:18,11:18发布,西湖区,"['翠苑', '文一路', '古墩路']",40000,1-3年,全职,本科,核心业务，季度奖，年终奖,today,2020/3/16 11:02,158057,1,2号线,丰潭路,2号线_古翠路;2号线_丰潭路,30.29031,120.11456,,1,1,18,0,1.177361,,,,0,0,,0,0,0,,,0,0,[],TRUE
6804629,数据分析师,34132,150-500人,"数据服务,广告营销",A轮,"['开放式办公', '扁平管理', '带薪假期', '弹性工作时间']",产品|需求|项目类,数据分析,数据分析,['数据分析'],"['电商', '广告营销', '数据分析']","['电商', '广告营销', '数据分析']",2020/3/16 10:57,10:57发布,余杭区,,30000,不限,全职,本科,六险一金 旅游 带薪年假 培训发展 双休,today,2020/3/16 9:51,7542546,1,,,,30.28185,120.01569,,83,1,17,0,1.1618694,,,,0,0,,0,0,0,,,0,0,[],FALSE
6847013,大数据分析工程师(J11108),55046,2000人以上,"移动互联网,企业服务",上市公司,"['技能培训', '年底双薪', '带薪年假', '岗位晋升']",开发|测试|运维类,数据开发,数据分析,['数据分析'],['数据分析'],[],2020/3/16 9:25,09:25发布,西湖区,,30000,应届毕业生,全职,本科,六险一金 带薪年假 年度体检 周末双休,today,2020/3/16 9:25,7722595,1,2号线,武林门,2号线_武林门;2号线_沈塘桥,30.27879,120.14578,,0,0,17,0,4.2450657,,,,1,0,,0,0,0,,,0,0,[],FALSE
6763962,数据分析工程师,13163,500-2000人,移动互联网,上市公司,"['绩效奖金', '股票期权', '年底双薪', '专项奖金']",开发|测试|运维类,数据开发,数据分析,"['Oracle', 'Hadoop', 'Spark', 'MySQL']","['云计算', '大数据', 'Oracle', 'Hadoop', 'Spark', 'MySQL']","['云计算', '大数据', 'Oracle', 'Hadoop', 'Spark', 'MySQL']",2020/3/16 11:18,11:18发布,西湖区,"['翠苑', '文一路', '古墩路']",20000,不限,全职,本科,16-18薪 大数据A股上市公司,today,2020/3/16 11:02,158057,1,2号线,丰潭路,2号线_古翠路;2号线_丰潭路,30.29031,120.11456,,1,1,16,0,1.0910506,,,,0,0,,0,0,0,,,0,0,[],TRUE
6804489,资深数据分析师,34132,150-500人,"数据服务,广告营销",A轮,"['开放式办公', '扁平管理', '带薪假期', '弹性工作时间']",开发|测试|运维类,数据开发,数据分析,['数据分析'],"['电商', '数据分析']","['电商', '数据分析']",2020/3/16 10:57,10:57发布,余杭区,,30000,3-5年,全职,本科,六险一金 旅游 带薪年假 培训发展 双休,today,2020/3/16 9:51,7542546,1,,,,30.28185,120.01569,,83,1,16,0,1.0755591,,,,0,0,,0,0,0,,,0,0,[],FALSE
6657285,数据分析师,7461,2000人以上,企业服务,上市公司,"['工程师氛围', '弹性工作', '扁平管理', '上班不打卡']",产品|需求|项目类,数据分析,数据分析,['BI'],['BI'],[],2020/3/16 10:59,10:59发布,西湖区,,37500,1-3年,全职,硕士,SaaS行业前景,today,2020/3/16 10:59,4169726,1,,,,30.256826,120.087836,,100,1,16,0,1.0534283,,,,0,0,,0,0,0,,,0,0,[],TRUE
6882983,产品运营（偏数据分析）,7461,2000人以上,企业服务,上市公司,"['工程师氛围', '弹性工作', '扁平管理', '上班不打卡']",运营|编辑|客服类,运营,数据运营,"['数据分析', '产品运营']","['数据分析', '产品运营']",[],2020/3/16 10:59,10:59发布,西湖区,['西溪'],27500,3-5年,全职,本科,上市公司 五险一金 氛围好 发展空间,today,2020/3/16 10:59,4169726,1,,,,30.256956,120.086588,,100,1,15,0,1.0158058,,,,0,0,,0,0,0,,,0,0,[],TRUE
6486988,资深数据分析师（杭州）,7461,2000人以上,企业服务,上市公司,"['工程师氛围', '弹性工作', '扁平管理', '上班不打卡']",开发|测试|运维类,数据开发,数据分析,"['Hive', 'Oracle', 'Spark', 'NLP']","['Hive', 'Oracle', 'Spark', 'NLP']",[],2020/3/16 10:59,10:59发布,西湖区,,37500,3-5年,全职,本科,行业前景，晋升空间,today,2020/3/16 10:59,4169726,1,,,,30.256826,120.087836,,100,1,15,0,1.0091666,,,,0,0,,0,0,0,,,0,0,[],TRUE
5519962,大数据建模总监,50735,150-500人,电商,B轮,"['年终奖金', '做五休二', '六险一金', '子女福利']",开发|测试|运维类,数据开发,建模,[],"['大数据', '互联网金融']","['大数据', '互联网金融']",2020/3/16 11:08,11:08发布,滨江区,"['西兴', '长河']",37500,不限,全职,本科,福利待遇、准上市,disabled,2020/3/16 11:08,5491688,1,,,,30.188041,120.201179,,23,1,14,0,2.7194543,,,,0,0,,0,0,0,,,0,0,[],FALSE
5559894,数据建模专家-杭州-01546,6502,500-2000人,"信息安全,数据服务",D轮及以上,"['技能培训', '股票期权', '绩效奖金', '岗位晋升']",开发|测试|运维类,数据开发,建模,"['数据挖掘', 'Spark', '算法']","['银行', '互联网金融', '数据挖掘', 'Spark', '算法']","['银行', '互联网金融', '数据挖掘', 'Spark', '算法']",2020/3/16 11:17,11:17发布,余杭区,['仓前'],30000,3-5年,全职,本科,"六险一金,年终奖,带薪年假",today,2020/3/16 11:16,81793,1,,,,30.280276,120.017992,"['试用期上社保', '年底双薪', '免费下午茶', '学习机会', 'bat背景', '免费体检', 'mac办公', '定期团建', '加班补贴', '试用期上公积金', '免费健身房', '一年调薪2次', '打车报销', '弹性工作']",11,1,12,0,3.0332372,,,,0,0,,0,0,0,,,0,0,[],FALSE
6702852,数据分析专家（游戏业务）,593,2000人以上,"移动互联网,游戏",不需要融资,"['五险一金', '交通补助', '绩效奖金', '节日礼物']",开发|测试|运维类,数据开发,数据分析,['数据分析'],"['游戏', '数据分析']","['游戏', '数据分析']",2020/3/16 10:19,10:19发布,西湖区,"['翠苑', '文一路', '高新文教区']",37500,3-5年,全职,本科,下午茶；六险一金；筑巢计划,today,2020/3/16 10:19,7389722,1,2号线,丰潭路,2号线_古翠路;2号线_丰潭路,30.290164,120.11663,,58,1,12,0,0.8343329,,,,0,0,,0,0,0,,,0,0,[],TRUE
6829277,资深数据分析师,593,2000人以上,"移动互联网,游戏",不需要融资,"['五险一金', '交通补助', '绩效奖金', '节日礼物']",产品|需求|项目类,高端产品职位,数据分析专家,[],['游戏'],['游戏'],2020/3/16 10:10,10:10发布,西湖区,,27500,3-5年,全职,本科,"六险一金,餐补,交通补,住房贷款",disabled,2020/3/16 10:10,5241923,1,2号线,丰潭路,2号线_古翠路;2号线_丰潭路,30.290164,120.11663,,46,1,12,0,0.8299067,,,,0,0,,0,0,0,,,0,0,[],TRUE
6267370,数据分析专家,31544,150-500人,数据服务,不需要融资,"['专业红娘牵线', '节日礼物', '技能培训', '岗位晋升']",开发|测试|运维类,数据开发,数据分析,"['数据挖掘', '数据分析']","['数据挖掘', '数据分析']",[],2020/3/16 11:16,11:16发布,滨江区,,20000,5-10年,全职,本科,五险一金,today,2020/3/16 11:16,466738,1,4号线,中医药大学,4号线_中医药大学;4号线_联庄,30.18548,120.13932,,43,1,7,0,1.2902282,,,,0,0,,0,0,0,,,0,0,[],FALSE
5927901,数据分析经理,62,2000人以上,文娱丨内容,C轮,"['扁平管理', '弹性工作', '大厨定制三餐', '就近租房补贴']",产品|需求|项目类,产品经理,其他产品经理,[],['数据分析'],['数据分析'],2020/3/16 11:03,11:03发布,滨江区,,30000,不限,全职,本科,六险一金，餐补，租房补贴，带薪休假,threeDays,2020/3/16 11:03,11497288,1,1号线,滨和路,1号线_滨和路;1号线_江陵路;1号线_滨和路;1号线_江陵路,30.212008,120.212837,,0,0,7,0,1.2880152,,,,0,0,,0,0,0,,,0,0,[],TRUE
6862245,数据分析专家,473950,50-150人,移动互联网,未融资,[],产品|需求|项目类,数据分析,数据分析,"['数据分析', '数据运营']","['数据分析', '数据运营']",[],2020/3/16 10:58,10:58发布,余杭区,,22500,5-10年,全职,不限,平台稳定，利于发展,today,2020/3/16 10:50,15977588,1,,,,30.276315,120.017122,,0,0,6,0,1.2835891,,,,0,0,,0,0,0,,,0,0,[],FALSE
5604926,数据分析师,143884,50-150人,"移动互联网,金融",A轮,"['股票期权', '带薪年假', '绩效奖金', '年底双薪']",开发|测试|运维类,数据开发,数据分析,"['数据分析', '数据挖掘']","['数据分析', '数据挖掘']",[],2020/3/16 11:34,11:34发布,余杭区,['仓前'],27500,1-3年,全职,本科,晋升空间、季度奖金、明星团队、扁平管理,today,2020/3/16 11:28,8565539,1,,,,30.279922,120.0175,,100,1,6,0,1.1906395,,,,0,0,,0,0,0,,,0,0,[],FALSE
6601086,数据分析师,21187,150-500人,"企业服务,移动互联网",天使轮,"['带薪年假', '年轻团队', '股票期权', '下午茶']",产品|需求|项目类,数据分析,数据分析,['数据分析'],"['电商', '数据分析']","['电商', '数据分析']",2020/3/16 11:09,11:09发布,余杭区,,45000,3-5年,全职,本科,五险一金、周末双休、定期团建、下午茶,disabled,2020/3/16 11:08,243503,1,,,,30.274689,120.022763,,23,2,6,0,1.1817873,,,,0,0,,0,0,0,,,0,0,[],FALSE
6850849,数据分析专家,255742,150-500人,"金融,电商",C轮,"['持牌金融机构', '跨境支付', '跨境金融', '国际化团队']",开发|测试|运维类,数据开发,数据分析,"['数据分析', 'SQLServer']","['电商', '支付', '数据分析', 'SQLServer']","['电商', '支付', '数据分析', 'SQLServer']",2020/3/16 11:26,11:26发布,滨江区,['西兴'],32500,3-5年,全职,本科,"持牌机构,国内**,跨境金融,独角兽",today,2020/3/16 11:26,7571978,1,1号线,滨和路,1号线_滨和路;1号线_江陵路;1号线_滨和路;1号线_江陵路,30.20856,120.211816,,100,1,6,0,1.1640825,,,,0,0,,0,0,0,,,0,0,[],FALSE
5520623,数据分析经理,19875,2000人以上,硬件,不需要融资,"['年终分红', '带薪年假', '年度旅游', '岗位晋升']",产品|需求|项目类,数据分析,数据分析,[],['移动互联网'],['移动互联网'],2020/3/16 11:24,11:24发布,西湖区,,30000,5-10年,全职,本科,"股票期权,千万级用户,试用期全薪",today,2020/3/16 11:24,8387688,1,,,,30.289296,120.073776,,7,1,6,0,1.1640825,,,,0,0,,0,0,0,,,0,0,[],TRUE
6657704,数据分析师,165220,150-500人,社交,不需要融资,"['绩效奖金', '带薪年假', '交通补助', '午餐补助']",产品|需求|项目类,数据分析,数据分析,"['数据分析', 'SQL']","['数据分析', 'SQL']",[],2020/3/16 10:48,10:48发布,滨江区,,37500,3-5年,全职,本科,双休、最高公积金、15薪起、氛围活跃,disabled,2020/3/16 10:29,6742009,1,1号线,西兴,1号线_滨康路;1号线_西兴;1号线_滨康路;1号线_西兴,30.177943,120.221341,,75,1,6,0,1.1640825,,,,0,0,,0,0,0,,,0,0,[],FALSE
6234992,数据分析师,542,500-2000人,消费生活,D轮及以上,"['六险一金', '快乐高效文化', '绩效奖金', '信任']",产品|需求|项目类,数据分析,数据分析,['数据分析'],['数据分析'],[],2020/3/16 10:28,10:28发布,西湖区,"['西溪', '古荡', '文新']",45000,1-3年,全职,本科,福利佳、发展空间大,today,2020/3/16 10:28,5035012,1,2号线,丰潭路,2号线_古翠路;2号线_丰潭路;2号线_文新,30.287754,120.112217,,23,0,6,0,1.1463778,,,,0,0,,0,0,0,,,0,0,[],TRUE
6234992,数据分析师,542,500-2000人,消费生活,D轮及以上,"['六险一金', '快乐高效文化', '绩效奖金', '信任']",产品|需求|项目类,数据分析,数据分析,['数据分析'],['数据分析'],[],2020/3/16 10:28,10:28发布,西湖区,"['西溪', '古荡', '文新']",37500,1-3年,全职,本科,福利佳、发展空间大,today,2020/3/16 10:28,5035012,1,2号线,丰潭路,2号线_古翠路;2号线_丰潭路;2号线_文新,30.287754,120.112217,,23,0,6,0,1.1465408,,,,0,0,,0,0,0,,,0,0,[],TRUE
6758467,店铺数据分析师,80863,150-500人,"移动互联网,电商",B轮,"['技能培训', '带薪年假', '绩效奖金', '岗位晋升']",市场|商务类,市场|营销,商业数据分析,"['数据分析', '行业分析', '消费者分析', '市场竞争分析']","['电商', '新零售', '数据分析', '行业分析', '消费者分析', '市场竞争分析']","['电商', '新零售', '数据分析', '行业分析', '消费者分析', '市场竞争分析']",2020/3/16 11:26,11:26发布,下沙,,30000,3-5年,全职,大专,福利齐全 晋升空间大 精英团队 双休,threeDays,2020/3/16 11:26,7572173,1,1号线,文海南路,1号线_文海南路;1号线_云水,30.304013,120.368525,,85,1,6,0,1.097846,,,,0,0,,0,0,0,,,0,0,[],FALSE
6804489,资深数据分析师,34132,150-500人,"数据服务,广告营销",A轮,"['开放式办公', '扁平管理', '带薪假期', '弹性工作时间']",开发|测试|运维类,数据开发,数据分析,['数据分析'],"['电商', '数据分析']","['电商', '数据分析']",2020/3/16 10:57,10:57发布,余杭区,,37500,3-5年,全职,本科,六险一金 旅游 带薪年假 培训发展 双休,today,2020/3/16 9:51,7542546,1,,,,30.28185,120.01569,,83,1,16,0,1.0757121,,,,0,0,,0,0,0,,,0,0,[],FALSE
6764017,数据分析师（社招）,13163,500-2000人,移动互联网,上市公司,"['绩效奖金', '股票期权', '年底双薪', '专项奖金']",产品|需求|项目类,数据分析,数据分析,"['BI', '数据分析', '数据库']","['云计算', '大数据', 'BI', '数据分析', '数据库']","['云计算', '大数据', 'BI', '数据分析', '数据库']",2020/3/16 11:18,11:18发布,西湖区,"['翠苑', '文一路', '古墩路']",30000,应届毕业生,全职,不限,16-18薪 大数据A股上市公司,today,2020/3/16 11:02,158057,1,2号线,丰潭路,2号线_古翠路;2号线_丰潭路,30.29031,120.11456,,1,1,15,0,1.0203772,,,,1,0,,0,0,0,,,0,0,[],TRUE
6228290,商业数据分析师,509360,50-150人,"移动互联网,企业服务",B轮,"['定期体检', '帅哥多', '领导好', '美女多']",市场|商务类,市场|营销,商业数据分析,"['数据分析', '行业分析', '市场竞争分析']","['数据分析', '行业分析', '市场竞争分析']",[],2020/3/16 11:13,11:13发布,西湖区,['西溪'],30000,1-3年,全职,硕士,"发挥空间大,职业发展好",today,2020/3/16 11:13,9293747,1,,,,30.29304,120.075105,,60,1,5,0,1.0956326,,,,0,0,,0,0,0,,,0,0,[],FALSE
6284662,bi数据分析师,50354,2000人以上,物流丨运输,D轮及以上,"['技能培训', '节日礼物', '年底双薪', '带薪年假']",开发|测试|运维类,数据开发,BI工程师,['ETL'],"['大数据', 'ETL']","['大数据', 'ETL']",2020/3/16 10:56,10:56发布,西湖区,,40000,不限,全职,本科,"数据量大,业务价值高,弹性工作,朝阳企业",today,2020/3/16 10:56,985145,1,2号线,丰潭路,2号线_学院路;2号线_古翠路;2号线_丰潭路,30.27455,120.12211,,6,1,5,0,1.0779254,,,,0,0,,0,0,0,,,0,0,[],FALSE
6886661,浙江数据分析师,321001,150-500人,"金融,数据服务",D轮及以上,"['年底双薪', '午餐补助', '年终分红', '绩效奖金']",开发|测试|运维类,数据开发,数据分析,['Hadoop'],['Hadoop'],[],2020/3/16 10:48,10:48发布,西湖区,"['西溪', '西湖', '古荡']",37500,1-3年,全职,本科,发展空间,today,2020/3/16 10:48,2155375,1,2号线,丰潭路,2号线_学院路;2号线_古翠路;2号线_丰潭路,30.281852,120.118117,,100,1,5,0,1.0801389,,,,0,0,,0,0,0,,,0,0,[],FALSE
6242470,数据分析师,31544,150-500人,数据服务,不需要融资,"['专业红娘牵线', '节日礼物', '技能培训', '岗位晋升']",产品|需求|项目类,数据分析,数据分析,"['增长黑客', '数据分析', '商业']","['增长黑客', '数据分析', '商业']",[],2020/3/16 11:16,11:16发布,滨江区,,22500,1-3年,全职,本科,五险一金,today,2020/3/16 11:16,466738,1,4号线,中医药大学,4号线_中医药大学;4号线_联庄,30.18548,120.13932,,43,1,5,0,1.0602182,,,,0,0,,0,0,0,,,0,0,[],FALSE
6601086,数据分析师,21187,150-500人,"企业服务,移动互联网",天使轮,"['带薪年假', '年轻团队', '股票期权', '下午茶']",产品|需求|项目类,数据分析,数据分析,['数据分析'],"['电商', '数据分析']","['电商', '数据分析']",2020/3/16 11:09,11:09发布,余杭区,,37500,3-5年,全职,本科,五险一金、周末双休、定期团建、下午茶,disabled,2020/3/16 11:08,243503,1,,,,30.274689,120.022763,,23,2,5,0,1.0557915,,,,0,0,,0,0,0,,,0,0,[],FALSE
6569491,数据分析师,231698,50-150人,"移动互联网,数据服务",不需要融资,"['年底双薪', '定期体检', '午餐补助', '交通补助']",产品|需求|项目类,数据分析,数据分析,['数据分析'],"['广告营销', '数据分析']","['广告营销', '数据分析']",2020/3/16 10:44,10:44发布,余杭区,"['金家渡', '勾庄']",37500,3-5年,全职,本科,五险一金；晋升机会,threeDays,2020/3/16 10:44,13029326,1,2号线,墩祥街,2号线_墩祥街,30.338565,120.100426,,1,1,5,0,1.0491512,,,,0,0,,0,0,0,,,0,0,[],FALSE
6791055,高级数据分析师,432882,150-500人,移动互联网,不需要融资,"['技术大牛', '领导nice', '帅哥美女', '环境超棒']",产品|需求|项目类,数据分析,数据分析,"['SQL', '数据分析']","['SQL', '数据分析']",[],2020/3/16 11:08,11:08发布,滨江区,"['西兴', '长河']",20000,3-5年,全职,不限,福利待遇,today,2020/3/16 11:08,4806498,1,1号线,滨和路,1号线_滨和路;1号线_江陵路;1号线_滨和路;1号线_江陵路,30.208047,120.221652,,90,2,5,0,1.0225904,,,,0,0,,0,0,0,,,0,0,[],FALSE
6869123,数据分析师（财务方向）,173746,150-500人,消费生活,C轮,[],产品|需求|项目类,数据分析,数据分析,"['数据分析', '数据库', 'SQL']","['电商', '数据分析', '数据库', 'SQL']","['电商', '数据分析', '数据库', 'SQL']",2020/3/16 10:52,10:52发布,余杭区,,37500,3-5年,全职,本科,准独角兽企业 社群电商 五险一金,disabled,2020/3/16 10:52,1857793,1,,,,30.27792,120.00755,,99,1,5,0,1.0115235,,,,0,0,,0,0,0,,,0,0,[],FALSE
6344146,资深数据分析师,522865,150-500人,游戏,不需要融资,"['年底双薪', '专项奖金', '提供三餐', '便捷班车']",开发|测试|运维类,数据开发,数据分析,['数据分析'],"['移动互联网', '游戏', '数据分析']","['移动互联网', '游戏', '数据分析']",2020/3/16 11:32,11:32发布,西湖区,,24000,5-10年,全职,本科,"班车,年终奖,提供三餐",today,2020/3/16 11:32,7283854,1,,,,30.134028,120.083663,,0,0,5,0,0.98496264,,,,0,0,,0,0,0,,,0,0,[],FALSE
5921220,财务数据分析师,137388,150-500人,"移动互联网,电商",不需要融资,"['年终分红', '绩效奖金', '定期体检', '年底双薪']",综合职能|高级管理,财务,财务风控,"['财务', '资产/项目评估', '分析', '风控']","['电商', '财务', '资产/项目评估', '分析', '风控']","['电商', '财务', '资产/项目评估', '分析', '风控']",2020/3/16 10:43,10:43发布,滨江区,"['西兴', '长河']",45000,3-5年,全职,本科,发展前景,today,2020/3/16 10:43,5169569,1,1号线,滨和路,1号线_滨和路;1号线_江陵路;1号线_滨和路;1号线_江陵路,30.211334,120.216493,,100,1,5,0,1.0004565,,,,0,0,,0,0,0,,,0,0,[],FALSE
6653757,银行数据分析岗,23403,2000人以上,企业服务,上市公司,"['五险一金', '通讯津贴', '带薪年假', '定期体检']",开发|测试|运维类,数据开发,数据分析,"['数据挖掘', '数据仓库']","['数据挖掘', '数据仓库']",[],2020/3/16 11:25,11:25发布,滨江区,['浦沿'],50000,1-3年,全职,不限,"金融科技,学习环境,提升空间,大平台",today,2020/3/16 11:25,5501327,1,4号线,中医药大学,4号线_杨家墩;4号线_中医药大学,30.16245,120.146505,,100,0,5,0,0.9827492,,,,0,0,,0,0,0,,,0,0,[],FALSE
6684619,金融数据分析师,26564,500-2000人,电商,D轮及以上,"['生日趴', '每月腐败基金', '每月补贴', '年度旅游']",开发|测试|运维类,数据开发,数据分析,"['数据挖掘', '数据分析', '数据处理']","['互联网金融', '大数据', '数据挖掘', '数据分析', '数据处理']","['互联网金融', '大数据', '数据挖掘', '数据分析', '数据处理']",2020/3/16 10:36,10:36发布,江干区,,22500,3-5年,全职,本科,"平台大,机会多,重点项目",today,2020/3/16 10:36,10092175,1,1号线,文泽路,1号线_文泽路,30.299404,120.350304,,0,0,5,0,0.99588984,,,,0,0,,0,0,0,,,0,0,[],TRUE
6228290,商业数据分析师,509360,50-150人,"移动互联网,企业服务",B轮,"['定期体检', '帅哥多', '领导好', '美女多']",市场|商务类,市场|营销,商业数据分析,"['数据分析', '行业分析', '市场竞争分析']","['数据分析', '行业分析', '市场竞争分析']",[],2020/3/16 11:13,11:13发布,西湖区,['西溪'],45000,1-3年,全职,硕士,"发挥空间大,职业发展好",today,2020/3/16 11:13,9293747,1,,,,30.29304,120.075105,,60,1,5,0,0.9803982,,,,0,0,,0,0,0,,,0,0,[],FALSE
6339988,数据分析师/BI,238706,150-500人,"电商,移动互联网",不需要融资,"['年底双薪', '绩效奖金', '带薪年假', '定期体检']",开发|测试|运维类,数据开发,数据分析,['数据分析'],['数据分析'],[],2020/3/16 11:00,11:00发布,滨江区,"['西兴', '长河']",45000,1-3年,全职,本科,"六险一金，定期体检,团队活动,地铁站边",today,2020/3/16 11:00,10759514,1,1号线,滨和路,1号线_滨和路;1号线_江陵路;1号线_滨和路;1号线_江陵路,30.207822,120.220961,,66,1,5,0,0.97597206,,,,0,0,,0,0,0,,,0,0,[],FALSE
6067812,数据分析专员,98316,2000人以上,"电商,消费生活",上市公司,"['午餐补助', '带薪年假', '定期体检', '年度旅游']",产品|需求|项目类,数据分析,数据分析,"['数据分析', 'SPSS', 'SQL', '数据库']","['数据分析', 'SPSS', 'SQL', '数据库']",[],2020/3/16 10:00,10:00发布,西湖区,"['古墩路', '古荡', '高新文教区']",22500,3-5年,全职,大专,上市公司,threeDays,2020/3/16 10:00,4865907,1,2号线,丰潭路,2号线_古翠路;2号线_丰潭路,30.27968,120.11371,,0,0,5,0,0.9781851,,,,0,0,,0,0,0,,,0,0,[],FALSE
5990647,高级财务数据分析师,18655,2000人以上,汽车丨出行,D轮及以上,"['技能培训', 'Geek', '开放', '扁平管理']",综合职能|高级管理,财务,财务,"['会计', '分析']","['会计', '分析']",[],2020/3/16 10:45,10:45发布,余杭区,,27500,3-5年,全职,本科,餐补，带薪年假，节日礼品，定期体检,today,2020/3/16 10:45,899716,1,,,,31.240897,121.417492,,0,0,5,0,0.94941497,,,,0,0,,0,0,0,,,0,0,[],TRUE
6680900,数据分析师 (MJ000250),114335,150-500人,数据服务,B轮,"['股票期权', '弹性工作', '领导好', '五险一金']",产品|需求|项目类,产品经理,数据分析师,"['需求分析', '数据']","['企业服务', '大数据', '需求分析', '数据']","['企业服务', '大数据', '需求分析', '数据']",2020/3/16 10:49,10:49发布,西湖区,,27500,3-5年,全职,不限,阿里系创业、云计算生态、餐补、双休,today,2020/3/16 10:49,3859261,1,,,,30.289482,120.06708,,1,1,5,0,0.9472019,,,,0,0,,0,0,0,,,0,0,[],FALSE
6191993,数据分析专家03-10-217,18655,2000人以上,汽车丨出行,D轮及以上,"['技能培训', 'Geek', '开放', '扁平管理']",开发|测试|运维类,数据开发,数据分析,"['数据分析', '数据挖掘', '算法']","['数据分析', '数据挖掘', '算法']",[],2020/3/16 10:45,10:45发布,余杭区,,22500,5-10年,全职,本科,六险一金 大平台 独角兽,today,2020/3/16 10:45,899716,1,,,,30.24357,120.032234,,0,0,5,0,0.94498885,,,,0,0,,0,0,0,,,0,0,[],TRUE
6486069,解决方案顾问/数据分析师,166666,150-500人,"企业服务,数据服务",B轮,"['股票期权', '绩效奖金', '带薪年假', '弹性工作']",产品|需求|项目类,数据分析,数据分析,"['BI', '数据分析', '数据库']","['大数据', '新零售', 'BI', '数据分析', '数据库']","['大数据', '新零售', 'BI', '数据分析', '数据库']",2020/3/16 11:33,11:33发布,余杭区,['仓前'],20000,1-3年,全职,本科,牛人团队 成长空间 期权激励 独当一面,disabled,2020/3/16 11:33,6790833,1,,,,30.280352,120.017771,,93,1,5,0,0.92285794,,,,0,0,,0,0,0,,,0,0,[],FALSE
6814233,数据分析师,619746,2000人以上,教育,上市公司,"['绩效奖金', '定期体检', '提供宿舍', '管理规范']",产品|需求|项目类,数据分析,数据分析,[],['教育'],['教育'],2020/3/16 11:06,11:06发布,滨江区,['西兴'],30000,不限,全职,不限,发展潜力大,overSevenDays,2020/3/16 11:06,16200138,1,1号线,江陵路,1号线_江陵路;1号线_江陵路,30.213041,120.211104,,0,0,5,0,1.1795762,,,,0,0,,0,0,0,,,0,0,[],FALSE
6046775,数据分析专家,133429,50-150人,"移动互联网,消费生活",未融资,"['年底双薪', '专项奖金', '美女多', '弹性工作']",产品|需求|项目类,高端产品职位,数据分析专家,[],"['大数据', '教育']","['大数据', '教育']",2020/3/16 9:38,09:38发布,拱墅区,,30000,5-10年,全职,本科,领导NICE,today,2020/3/16 9:38,13767300,1,2号线,丰潭路,2号线_古翠路;2号线_丰潭路;2号线_文新;2号线_三坝,30.292605,120.10816,,0,0,5,0,0.96269345,,,,0,0,,0,0,0,,,0,0,[],FALSE
6791055,高级数据分析师,432882,150-500人,移动互联网,不需要融资,"['技术大牛', '领导nice', '帅哥美女', '环境超棒']",产品|需求|项目类,数据分析,数据分析,"['SQL', '数据分析']","['SQL', '数据分析']",[],2020/3/16 11:08,11:08发布,滨江区,"['西兴', '长河']",30000,3-5年,全职,不限,福利待遇,today,2020/3/16 11:08,4806498,1,1号线,滨和路,1号线_滨和路;1号线_江陵路;1号线_滨和路;1号线_江陵路,30.208047,120.221652,,90,2,4,0,0.91400564,,,,0,0,,0,0,0,,,0,0,[],FALSE
6037742,资深数据分析师 (MJ000088),127233,150-500人,电子商务,不需要融资,"['带薪年假', '绩效奖金', '定期体检', '弹性工作']",开发|测试|运维类,数据开发,数据分析,['数据分析'],['数据分析'],[],2020/3/16 11:12,11:12发布,西湖区,,25000,5-10年,全职,本科,福利待遇佳，职位前景好,today,2020/3/16 11:12,14092457,1,,,,30.12958,120.08773,,0,0,4,0,0.9095794,,,,0,0,,0,0,0,,,0,0,[],FALSE
6872125,数据分析师,172552,500-2000人,消费生活,不需要融资,[],产品|需求|项目类,数据分析,数据分析,"['数据运营', '数据分析', 'SQL', '数据库']","['汽车', '数据运营', '数据分析', 'SQL', '数据库']","['汽车', '数据运营', '数据分析', 'SQL', '数据库']",2020/3/16 10:43,10:43发布,滨江区,['浦沿'],37500,3-5年,全职,不限,大平台 ，世界五百强,threeDays,2020/3/16 10:41,4058806,1,4号线,中医药大学,4号线_杨家墩;4号线_中医药大学,30.16245,120.146505,,79,1,4,0,1.1618714,,,,0,0,,0,0,0,,,0,0,[],FALSE
5921220,财务数据分析师,137388,150-500人,"移动互联网,电商",不需要融资,"['年终分红', '绩效奖金', '定期体检', '年底双薪']",综合职能|高级管理,财务,财务风控,"['财务', '资产/项目评估', '分析', '风控']","['电商', '财务', '资产/项目评估', '分析', '风控']","['电商', '财务', '资产/项目评估', '分析', '风控']",2020/3/16 10:43,10:43发布,滨江区,"['西兴', '长河']",30000,3-5年,全职,本科,发展前景,today,2020/3/16 10:43,5169569,1,1号线,滨和路,1号线_滨和路;1号线_江陵路;1号线_滨和路;1号线_江陵路,30.211334,120.216493,,100,1,4,0,0.9073663,,,,0,0,,0,0,0,,,0,0,[],FALSE
5453691,数据分析实习生,166666,150-500人,"企业服务,数据服务",B轮,"['股票期权', '绩效奖金', '带薪年假', '弹性工作']",开发|测试|运维类,数据开发,数据分析,"['MySQL', '数据分析']","['大数据', '企业服务', 'MySQL', '数据分析']","['大数据', '企业服务', 'MySQL', '数据分析']",2020/3/16 11:33,11:33发布,余杭区,['仓前'],30000,应届毕业生,实习,本科,牛人团队 成长空间 期权激励 独当一面,disabled,2020/3/16 11:33,6790833,1,,,,30.280352,120.017771,,93,1,4,0,1.1109705,,,,1,0,,0,0,0,,,0,0,[],FALSE
5978750,数据分析师（保险）13-01-19,18655,2000人以上,汽车丨出行,D轮及以上,"['技能培训', 'Geek', '开放', '扁平管理']",开发|测试|运维类,数据开发,数据分析,"['MySQL', '数据挖掘']","['MySQL', '数据挖掘']",[],2020/3/16 10:45,10:45发布,余杭区,,40000,不限,全职,不限,餐补，带薪年假，节日礼品，定期体检,today,2020/3/16 10:45,899716,1,,,,30.245225,120.034986,,0,0,4,0,0.85867685,,,,0,0,,0,0,0,,,0,0,[],TRUE
5990647,高级财务数据分析师,18655,2000人以上,汽车丨出行,D轮及以上,"['技能培训', 'Geek', '开放', '扁平管理']",综合职能|高级管理,财务,财务,"['会计', '分析']","['会计', '分析']",[],2020/3/16 10:45,10:45发布,余杭区,,30000,3-5年,全职,本科,餐补，带薪年假，节日礼品，定期体检,today,2020/3/16 10:45,899716,1,,,,31.240897,121.417492,,0,0,4,0,0.8564637,,,,0,0,,0,0,0,,,0,0,[],TRUE
6191993,数据分析专家03-10-217,18655,2000人以上,汽车丨出行,D轮及以上,"['技能培训', 'Geek', '开放', '扁平管理']",开发|测试|运维类,数据开发,数据分析,"['数据分析', '数据挖掘', '算法']","['数据分析', '数据挖掘', '算法']",[],2020/3/16 10:45,10:45发布,余杭区,,25000,5-10年,全职,本科,六险一金 大平台 独角兽,today,2020/3/16 10:45,899716,1,,,,30.24357,120.032234,,0,0,4,0,0.8564637,,,,0,0,,0,0,0,,,0,0,[],TRUE
6680900,数据分析师 (MJ000250),114335,150-500人,数据服务,B轮,"['股票期权', '弹性工作', '领导好', '五险一金']",产品|需求|项目类,产品经理,数据分析师,"['需求分析', '数据']","['企业服务', '大数据', '需求分析', '数据']","['企业服务', '大数据', '需求分析', '数据']",2020/3/16 10:49,10:49发布,西湖区,,27500,3-5年,全职,不限,阿里系创业、云计算生态、餐补、双休,today,2020/3/16 10:49,3859261,1,,,,30.289482,120.06708,,1,1,4,0,0.8564637,,,,0,0,,0,0,0,,,0,0,[],FALSE
6789831,数据分析实习生,306282,150-500人,"移动互联网,数据服务",未融资,"['弹性工作', '技能培训', '岗位晋升', '五险一金']",开发|测试|运维类,数据开发,数据分析,"['Hadoop', 'Hive', 'MySQL']","['Hadoop', 'Hive', 'MySQL']",[],2020/3/16 10:47,10:47发布,余杭区,,50000,应届毕业生,实习,本科,五险一金 能力培养,today,2020/3/16 10:47,9598318,1,,,,30.409974,120.245433,,100,1,4,0,1.0777721,,,,1,0,,0,0,0,,,0,0,[],FALSE
6486069,解决方案顾问/数据分析师,166666,150-500人,"企业服务,数据服务",B轮,"['股票期权', '绩效奖金', '带薪年假', '弹性工作']",产品|需求|项目类,数据分析,数据分析,"['BI', '数据分析', '数据库']","['大数据', '新零售', 'BI', '数据分析', '数据库']","['大数据', '新零售', 'BI', '数据分析', '数据库']",2020/3/16 11:33,11:33发布,余杭区,['仓前'],30000,1-3年,全职,本科,牛人团队 成长空间 期权激励 独当一面,disabled,2020/3/16 11:33,6790833,1,,,,30.280352,120.017771,,93,1,4,0,0.8254806,,,,0,0,,0,0,0,,,0,0,[],FALSE
6848382,资深数据分析师（商品方向）G01053,179243,500-2000人,"电商,移动互联网",上市公司,"['绩效奖金', '股票期权', '五险一金', '午餐补助']",产品|需求|项目类,数据分析,数据分析,"['BI', '数据分析', 'SQL']","['电商', '社交', 'BI', '数据分析', 'SQL']","['电商', '社交', 'BI', '数据分析', 'SQL']",2020/3/16 11:08,11:08发布,萧山区,['宁围'],45000,3-5年,全职,本科,绩效奖金,disabled,2020/3/16 11:08,7589033,1,,,,30.203631,120.247683,,33,1,4,0,0.8343329,,,,0,0,,0,0,0,,,0,0,[],TRUE
5203054,资深数据分析师,329,2000人以上,电商,上市公司,"['节日礼物', '技能培训', '免费班车', '带薪年假']",产品|需求|项目类,数据分析,数据分析,"['BI', 'SQL']","['BI', 'SQL']",[],2020/3/15 16:46,1天前发布,滨江区,['长河'],30000,3-5年,全职,本科,"培训发展,团队氛围,薪酬福利",today,2020/3/15 16:46,6736927,1,,,,30.187795,120.190729,,0,0,4,0,0.46032155,,,,0,0,,0,0,0,,,0,0,[],TRUE
6829736,数据分析负责人 or 数据分析师,205347,2000人以上,"金融,电商",上市公司,"['带薪年假', '定期体检', '免费班车', '领导好']",开发|测试|运维类,数据开发,数据分析,"['数据分析', 'MySQL', '数据挖掘']","['数据分析', 'MySQL', '数据挖掘']",[],2020/3/16 10:04,10:04发布,余杭区,['西溪'],30000,3-5年,全职,本科,PB量级数据 核心项目 食堂班车健身房,disabled,2020/3/16 10:04,6238271,1,,,,30.291923,120.045424,,100,1,4,0,0.82626045,,,,0,0,,0,0,0,,,0,0,[],TRUE
6116460,资深数据分析/数据分析专家G00796,179243,500-2000人,"电商,移动互联网",上市公司,"['绩效奖金', '股票期权', '五险一金', '午餐补助']",开发|测试|运维类,数据开发,数据分析,"['数据分析', 'MySQL']","['大数据', '电商', '数据分析', 'MySQL']","['大数据', '电商', '数据分析', 'MySQL']",2020/3/16 9:32,09:32发布,萧山区,"['建设二路', '建设三路']",45000,3-5年,全职,不限,上市公司,today,2020/3/16 9:47,12389647,1,,,,30.203147,120.247305,,0,0,4,0,0.84503907,,,,0,0,,0,0,0,,,0,0,[],TRUE
6728610,高级数据分析专员,98316,2000人以上,"电商,消费生活",上市公司,"['午餐补助', '带薪年假', '定期体检', '年度旅游']",市场|商务类,市场|营销,商业数据分析,['数据分析'],['数据分析'],[],2020/3/16 10:00,10:00发布,西湖区,"['古墩路', '古荡', '高新文教区']",22500,1-3年,全职,不限,五险一金、双休,threeDays,2020/3/16 10:00,4865907,1,2号线,丰潭路,2号线_古翠路;2号线_丰潭路,30.27968,120.11371,,0,0,4,0,0.8254806,,,,0,0,,0,0,0,,,0,0,[],FALSE
6793844,BI数据分析师,555182,50-150人,"移动互联网,电商",天使轮,[],运营|编辑|客服类,运营,运营,"['运营', '数据分析']","['电商', '社交', '运营', '数据分析']","['电商', '社交', '运营', '数据分析']",2020/3/16 9:55,09:55发布,西湖区,,6500,1-3年,全职,本科,老板nice 公司氛围好 发展空间大,threeDays,2020/3/16 9:55,14491369,1,2号线,丰潭路,2号线_丰潭路,30.270832,120.100758,,0,0,4,0,0.82326746,,,,0,0,,0,0,0,,,0,0,[],FALSE
6794326,BI数据分析师,374014,500-2000人,"移动互联网,金融",B轮,"['弹性工作', '扁平管理', '领导好', '五险一金']",产品|需求|项目类,数据分析,BI,"['BI', '数据分析']","['BI', '数据分析']",[],2020/3/16 9:46,09:46发布,拱墅区,,24000,5-10年,全职,本科,带薪年假 / 五险一金 / 节假日福利,threeDays,2020/3/16 10:15,6038728,1,2号线,虾龙圩,2号线_三坝;2号线_虾龙圩,30.304878,120.105894,,32,1,4,0,0.8210544,,,,0,0,,0,0,0,,,0,0,[],FALSE
6819289,数据分析师,28103,2000人以上,"消费生活,硬件",上市公司,"['定期体检', '五险一金', '专项奖金', '骨干家庭公寓']",产品|需求|项目类,数据分析,数据分析,['SQL'],['SQL'],[],2020/3/16 8:07,08:07发布,江干区,"['高教园', '下沙']",30000,3-5年,全职,本科,大平台免费住宿，免费班车，出国游学等,today,2020/3/16 8:07,3691678,1,,,,30.336151,120.346979,,94,1,4,0,0.82769364,,,,0,0,,0,0,0,,,0,0,[],TRUE
6837340,数据分析-2020届春招,205347,2000人以上,"金融,电商",上市公司,"['带薪年假', '定期体检', '免费班车', '领导好']",产品|需求|项目类,数据分析,数据分析,"['数据分析', '数据运营', 'SQL', '数据库']","['数据分析', '数据运营', 'SQL', '数据库']",[],2020/3/16 10:04,10:04发布,余杭区,['西溪'],30000,不限,全职,本科,亿级流量，免费食堂班车健身房,disabled,2020/3/16 10:04,6238271,1,,,,30.291923,120.045424,,100,1,4,0,0.77457964,,,,0,0,,0,0,0,,,0,0,[],TRUE
6698172,数据分析师,2900,500-2000人,电商,C轮,"['扁平化管理', '技术驱动', '14薪', '六险一金']",产品|需求|项目类,数据分析,数据分析,"['BI', '数据分析', '商业']","['BI', '数据分析', '商业']",[],2020/3/16 10:56,10:56发布,西湖区,['西溪'],27000,3-5年,全职,本科,团队氛围好 发展空间大,threeDays,2020/3/14 23:30,4848166,1,,,,30.290878,120.074569,,17,2,4,0,1.0180197,,,,0,0,,0,0,0,,,0,0,[],TRUE
6896403,智能数据分析引擎研发专家,285786,2000人以上,电商,上市公司,"['年底双薪', '带薪年假', '午餐补助', '弹性工作']",开发|测试|运维类,后端开发,Java,"['后端', 'Java', '平台', '分布式']","['大数据', '后端', 'Java', '平台', '分布式']","['大数据', '后端', 'Java', '平台', '分布式']",2020/3/16 10:08,10:08发布,余杭区,['临平'],30000,5-10年,全职,本科,待遇丰厚，具有***数据处理技术视野,today,2020/3/16 10:08,16508175,1,,,,30.419045,120.299402,,0,0,3,0,0.73253155,,,,0,0,,0,0,0,,,0,0,[],TRUE
6854920,数据分析师(J10147),343064,2000人以上,电商,不需要融资,"['绩效奖金', '交通补助', '带薪年假', '定期体检']",产品|需求|项目类,产品经理,数据分析师,['数据分析'],"['电商', '数据分析']","['电商', '数据分析']",2020/3/16 9:55,09:55发布,滨江区,['长河'],37500,1-3年,全职,本科,晋升快,threeDays,2020/3/16 10:09,10867904,1,,,,30.188015,120.199709,,20,1,3,0,0.7258923,,,,0,0,,0,0,0,,,0,0,[],FALSE
5683671,数据分析实习生 (MJ000087),114335,150-500人,数据服务,B轮,"['股票期权', '弹性工作', '领导好', '五险一金']",开发|测试|运维类,后端开发,数据采集,"['数据挖掘', '机器学习']","['工具软件', '大数据', '数据挖掘', '机器学习']","['工具软件', '大数据', '数据挖掘', '机器学习']",2020/3/16 10:49,10:49发布,西湖区,,26500,应届毕业生,实习,本科,阿里系创业、云计算生态、餐补、双休,today,2020/3/16 10:49,3859261,1,,,,30.289482,120.06708,,1,1,3,0,0.898513,,,,1,0,,0,0,0,,,0,0,[],FALSE
6046866,数据分析师,543802,15-50人,数据服务,不需要融资,[],产品|需求|项目类,数据分析,数据分析,"['可视化', '数据分析', '数据库']","['企业服务', '可视化', '数据分析', '数据库']","['企业服务', '可视化', '数据分析', '数据库']",2020/3/16 10:19,10:19发布,西湖区,"['西溪', '文新']",37500,1-3年,全职,本科,发展潜力，结合业务，项目制,overSevenDays,2020/3/16 10:19,13308385,1,2号线,文新,2号线_文新;2号线_三坝,30.289,120.088789,,0,0,3,0,0.9029392,,,,0,0,,0,0,0,,,0,0,[],FALSE
6310387,业务与数据分析师,93448,150-500人,"人工智能,数据服务",B轮,"['技能培训', '股票期权', '带薪年假', '绩效奖金']",产品|需求|项目类,数据分析,数据分析,"['商业', 'BI', '可视化', '数据分析']","['企业服务', '大数据', '商业', 'BI', '可视化', '数据分析']","['企业服务', '大数据', '商业', 'BI', '可视化', '数据分析']",2020/3/16 11:29,11:29发布,滨江区,"['西兴', '长河']",30000,应届毕业生,全职,本科,"风口行业,五险一金,周末双休,福利多多",today,2020/3/16 3:11,6714094,1,1号线,滨和路,1号线_滨和路;1号线_江陵路;1号线_滨和路;1号线_江陵路,30.208963,120.224077,,0,0,3,0,0.869743,,,,1,0,,0,0,0,,,0,0,[],FALSE
6602399,商业数据分析师（阿里数据银行）,100858,50-150人,"移动互联网,广告营销",天使轮,"['节日礼物', '带薪年假', '绩效奖金', '五险一金']",市场|商务类,市场|营销,商业数据分析,"['数据分析', '消费者分析']","['电商', '数据分析', '消费者分析']","['电商', '数据分析', '消费者分析']",2020/3/16 9:09,09:09发布,上城区,"['近江', '望江', '汽车南站']",22500,1-3年,全职,本科,五险一金 周末双休 福利丰厚 带薪年假,today,2020/3/16 9:09,2836823,1,1号线,甬江路,1号线_近江;1号线_婺江路;1号线_近江;1号线_婺江路;4号线_甬江路;4号线_近江,30.230199,120.191609,,91,1,3,0,0.6373689,,,,0,0,,0,0,0,,,0,0,[],FALSE
6820395,产品经理/数据分析（核心业务）-2020届春招,205347,2000人以上,"金融,电商",上市公司,"['带薪年假', '定期体检', '免费班车', '领导好']",产品|需求|项目类,产品经理,产品经理,"['产品设计', '数据分析']","['产品设计', '数据分析']",[],2020/3/16 10:04,10:04发布,余杭区,,60000,不限,全职,本科,亿级流量 免费食堂班车健身房,today,2020/3/16 10:10,6300155,1,,,,30.291923,120.045424,,100,1,3,0,0.5864679,,,,0,0,,0,0,0,,,0,0,[],TRUE
6872841,资深数据分析师,329,2000人以上,电商,上市公司,"['节日礼物', '技能培训', '免费班车', '带薪年假']",开发|测试|运维类,数据开发,数据分析,[],[],[],2020/3/16 8:00,08:00发布,滨江区,['长河'],7500,3-5年,全职,本科,网易严选,today,2020/3/15 16:46,6736927,1,,,,30.187795,120.190729,,0,0,3,0,0.6882698,,,,0,0,,0,0,0,,,0,0,[],TRUE
6747553,资深数据分析师,581460,2000人以上,"电商,汽车丨出行",D轮及以上,"['阿里合资', '六险一金', '独角兽', '行业先驱']",市场|商务类,市场|营销,商业数据分析,[],"['电商', '其他']","['电商', '其他']",2020/3/16 11:22,11:22发布,余杭区,,7500,5-10年,全职,本科,阿里生态 行业独角兽,threeDays,2020/3/13 16:51,14433809,1,,,,30.279145,120.008639,,7,4,2,0,0.8166289,,,,0,0,,0,0,0,,,0,0,[],FALSE
6792091,高级数据分析师,23252,500-2000人,移动互联网,上市公司,"['包午餐晚餐', '奖金多多多', '零食下午茶', '全员出国游']",产品|需求|项目类,数据分析,数据分析,"['BI', '数据分析', 'SQL', 'SPSS']","['移动互联网', 'BI', '数据分析', 'SQL', 'SPSS']","['移动互联网', 'BI', '数据分析', 'SQL', 'SPSS']",2020/3/14 21:28,2天前发布,西湖区,"['西溪', '古荡', '文新']",30000,3-5年,全职,本科,福利好，年轻有活力，行业前景好,today,2020/3/16 9:34,11948446,1,2号线,丰潭路,2号线_古翠路;2号线_丰潭路;2号线_文新,30.287754,120.112217,,60,1,2,0,0.3895032,,,,0,0,,0,0,0,,,0,0,[],FALSE
6496980,数据分析师-Lark,62,2000人以上,文娱丨内容,C轮,"['扁平管理', '弹性工作', '大厨定制三餐', '就近租房补贴']",产品|需求|项目类,数据分析,其他数据分析,[],['数据分析'],['数据分析'],2020/3/15 18:27,1天前发布,余杭区,,30000,3-5年,全职,本科,六险一金，弹性工作，免费三餐，租房补贴,today,2020/3/16 9:59,12810647,1,,,,30.280703,120.001845,,0,0,2,0,0.5687632,,,,0,0,,0,0,0,,,0,0,[],TRUE
6095231,数据分析师-企业SaaS应用,62,2000人以上,文娱丨内容,C轮,"['扁平管理', '弹性工作', '大厨定制三餐', '就近租房补贴']",产品|需求|项目类,数据分析,其他数据分析,[],['数据分析'],['数据分析'],2020/3/15 19:13,1天前发布,余杭区,,40000,3-5年,全职,本科,六险一金，弹性工作，免费三餐，租房补贴,today,2020/3/16 9:59,12810647,1,,,,30.280703,120.001845,,0,0,2,0,0.50900984,,,,0,0,,0,0,0,,,0,0,[],TRUE
6597345,资深数据分析师,57350,500-2000人,移动互联网,A轮,"['岗位晋升', '年度旅游', '年底双薪', '午餐补助']",产品|需求|项目类,数据分析,数据分析,"['BI', '数据分析', '数据运营', 'SPSS']","['BI', '数据分析', '数据运营', 'SPSS']",[],2020/3/15 19:43,1天前发布,西湖区,['西湖'],30000,3-5年,全职,大专,"六险一金,餐饮补贴,双休,出国旅游",today,2020/3/15 19:43,13222601,1,2号线,古翠路,2号线_学院路;2号线_古翠路,30.278061,120.126316,,97,1,1,0,0.5023706,,,,0,0,,0,0,0,,,0,0,[],FALSE
6655791,数据分析,289890,500-2000人,其他,未融资,[],产品|需求|项目类,数据分析,数据分析,['数据分析'],[],[],2020/3/10 11:16,2020/3/10,拱墅区,,30000,1-3年,全职,本科,数据分析,threeDays,2020/3/13 11:13,4097927,1,,,,30.303565,120.144162,,0,0,1,0,1.8240006,,,,0,0,,0,0,0,,,0,0,[],FALSE
6456921,数据分析专家,738016,50-150人,"电商,数据服务",未融资,[],开发|测试|运维类,数据开发,数据分析,"['数据挖掘', '数据仓库', '数据分析', 'ETL']","['数据挖掘', '数据仓库', '数据分析', 'ETL']",[],2020/3/15 14:22,1天前发布,余杭区,,50000,5-10年,全职,本科,氛围好、薪资优渥,today,2020/3/15 22:36,13102487,1,,,,30.285094,120.018,,100,1,1,0,0.5422072,,,,0,0,,0,0,0,,,0,0,[],FALSE
6888169,奔驰耀出行-战略数据分析师,751158,150-500人,移动互联网,不需要融资,[],产品|需求|项目类,数据分析,数据分析,"['商业', '数据分析']","['商业', '数据分析']",[],2020/3/15 20:15,1天前发布,滨江区,['西兴'],42500,1-3年,全职,不限,公司平台好、氛围nice,today,2020/3/15 20:36,3870625,1,1号线,滨和路,1号线_滨和路;1号线_江陵路;1号线_滨和路;1号线_江陵路,30.208562,120.219225,,63,1,1,0,0.38950393,,,,0,0,,0,0,0,,,0,0,[],FALSE
6813626,资深数据分析专员,165939,150-500人,数据服务,不需要融资,"['年底双薪', '带薪年假', '午餐补助', '定期体检']",开发|测试|运维类,数据开发,数据分析,['数据分析'],['数据分析'],[],2020/3/15 12:21,1天前发布,余杭区,,30000,3-5年,全职,不限,阿里旗下、大数据,today,2020/3/15 13:13,8519805,1,,,,30.281507,120.018621,,1,1,1,0,0.440405,,,,0,0,,0,0,0,,,0,0,[],FALSE
6785139,数据分析师,665061,50-150人,企业服务,B轮,[],开发|测试|运维类,数据开发,数据分析,"['ETL', '数据分析']","['大数据', '新零售', 'ETL', '数据分析']","['大数据', '新零售', 'ETL', '数据分析']",2020/3/15 16:06,1天前发布,余杭区,,29000,3-5年,全职,本科,牛人团队 成长空间 期权激励 独当一面,today,2020/3/15 18:32,5495904,0,,,,30.279813,120.01752,,0,0,1,0,0.49573228,,,,0,0,,0,0,0,,,0,0,[],FALSE
6818950,资深数据分析师,165939,150-500人,数据服务,不需要融资,"['年底双薪', '带薪年假', '午餐补助', '定期体检']",开发|测试|运维类,数据开发,数据分析,['数据分析'],['数据分析'],[],2020/3/15 12:21,1天前发布,余杭区,,30000,5-10年,全职,不限,阿里旗下、大数据,today,2020/3/15 13:13,8519805,1,,,,30.281507,120.018621,,1,1,1,0,0.40720865,,,,0,0,,0,0,0,,,0,0,[],FALSE
5269002,数据建模工程师,50576,150-500人,"移动互联网,游戏",A轮,"['带薪年假', '五险一金', '双休', '午餐补助']",开发|测试|运维类,数据开发,建模,"['数据仓库', '数据分析', '数据处理']","['数据仓库', '数据分析', '数据处理']",[],2020/3/11 17:40,2020/3/11,西湖区,,37500,不限,全职,本科,行业领先 牛人多 福利丰厚,disabled,2020/3/13 16:46,7407129,1,2号线,丰潭路,2号线_古翠路;2号线_丰潭路,30.29182,120.11657,,0,0,1,0,0.36300454,,,,0,0,,0,0,0,,,0,0,[],FALSE
6767669,数据分析专员,92417,2000人以上,"移动互联网,广告营销",上市公司,"['节日礼物', '股票期权', '带薪年假', '岗位晋升']",产品|需求|项目类,数据分析,数据分析,['数据分析'],['数据分析'],[],2020/3/14 15:10,2天前发布,拱墅区,,30000,1-3年,全职,不限,"股票期权,绩效奖金,弹性工作,五险一金",threeDays,2020/3/16 9:20,10854887,1,,,,30.336361,120.113116,,30,1,1,0,0.46032283,,,,0,0,,0,0,0,,,0,0,[],FALSE
6718750,旅游大数据分析师（杭州）,122019,50-150人,"数据服务,企业服务",A轮,"['年底双薪', '股票期权', '午餐补助', '定期体检']",开发|测试|运维类,数据开发,数据治理,"['数据分析', '数据处理']","['旅游', '大数据', '数据分析', '数据处理']","['旅游', '大数据', '数据分析', '数据处理']",2020/3/12 16:38,2020/3/12,上城区,"['湖滨', '吴山']",30000,1-3年,全职,本科,管理扁平 潜力项目 五险一金 周末双休,sevenDays,2020/3/13 8:48,11347630,1,2号线,中河北路,1号线_定安路;1号线_龙翔桥;1号线_凤起路;1号线_定安路;1号线_龙翔桥;1号线_凤起路;2号线_中河北路;2号线_凤起路,30.254169,120.164651,,3,0,1,0,0.8267557,,,,0,0,,0,0,0,,,0,0,[],FALSE
6655562,数据分析建模工程师,117422215,50-150人,"数据服务,信息安全",A轮,"['午餐补助', '带薪年假', '16到18薪', '法定节假日']",开发|测试|运维类,人工智能,机器学习,"['机器学习', '建模', '数据挖掘', '算法']","['机器学习', '建模', '数据挖掘', '算法']",[],2020/3/14 19:00,2天前发布,西湖区,,30000,1-3年,全职,本科,海量数据 全链路建模实践 16-18薪,threeDays,2020/3/16 9:30,8810336,1,2号线,丰潭路,2号线_古翠路;2号线_丰潭路,30.291494,120.113955,,0,0,0,0,0.3563076,,,,0,0,,0,0,0,,,0,0,[],FALSE
6677939,数据分析建模工程师（校招）,117422215,50-150人,"数据服务,信息安全",A轮,"['午餐补助', '带薪年假', '16到18薪', '法定节假日']",开发|测试|运维类,人工智能,算法工程师,"['机器学习', '建模', '算法', '数据挖掘']","['机器学习', '建模', '算法', '数据挖掘']",[],2020/3/14 19:00,2天前发布,西湖区,,36500,应届毕业生,全职,本科,海量数据 全链路建模实践 16-18薪,threeDays,2020/3/16 9:30,8810336,1,2号线,丰潭路,2号线_古翠路;2号线_丰潭路,30.291494,120.113955,,0,0,0,0,0.33860284,,,,1,0,,0,0,0,,,0,0,[],FALSE
6884346,数据分析师,21236,500-2000人,"移动互联网,医疗丨健康",C轮,"['技能培训', '年底双薪', '节日礼物', '绩效奖金']",产品|需求|项目类,数据分析,数据分析,"['数据库', '商业', '数据分析', 'SQL']","['医疗健康', '数据库', '商业', '数据分析', 'SQL']","['医疗健康', '数据库', '商业', '数据分析', 'SQL']",2020/3/11 16:45,2020/3/11,萧山区,,25000,3-5年,全职,不限,大牛老板，开放环境，民生行业，龙头公司,threeDays,2020/3/16 9:49,1665167,1,,,,30.203078,120.247069,,96,1,0,0,0.31425884,,,,0,0,,0,0,0,,,0,0,[],FALSE
6849100,商业数据分析,72076,500-2000人,"移动互联网,电商",C轮,"['节日礼物', '股票期权', '带薪年假', '年度旅游']",市场|商务类,市场|营销,商业数据分析,"['市场', '数据分析', '行业分析', '市场分析']","['电商', '市场', '数据分析', '行业分析', '市场分析']","['电商', '市场', '数据分析', '行业分析', '市场分析']",2020/3/14 17:38,2天前发布,余杭区,,35000,1-3年,全职,硕士,五险一金、带薪休假,threeDays,2020/3/14 17:38,1732416,1,,,,30.276694,119.990918,,2,3,0,0,0.28327557,,,,0,0,,0,0,0,,,0,0,[],FALSE
6803432,奔驰·耀出行-BI数据分析专家,751158,150-500人,移动互联网,不需要融资,[],开发|测试|运维类,数据开发,数据分析,"['MySQL', '数据处理', '数据分析']","['MySQL', '数据处理', '数据分析']",[],2020/3/14 22:39,2天前发布,滨江区,['西兴'],30000,3-5年,全职,本科,奔驰 吉利 世界500强,threeDays,2020/3/14 22:39,4785643,1,1号线,滨和路,1号线_滨和路;1号线_江陵路;1号线_滨和路;1号线_江陵路,30.208562,120.219225,,63,1,0,0,0.2567185,,,,0,0,,0,0,0,,,0,0,[],FALSE
6704835,BI数据分析师,52840,2000人以上,电商,上市公司,"['技能培训', '年底双薪', '节日礼物', '绩效奖金']",开发|测试|运维类,数据开发,数据分析,"['SQLServer', '数据分析']","['电商', '新零售', 'SQLServer', '数据分析']","['电商', '新零售', 'SQLServer', '数据分析']",2020/3/9 15:00,2020/3/9,余杭区,['仓前'],20000,3-5年,全职,本科,阿里巴巴；商业智能；,threeDays,2020/3/16 10:15,5846350,1,,,,30.280177,120.023521,"['16薪', '一年调薪2次']",0,0,0,0,0.28106248,,,,0,0,,0,0,0,,,0,0,[],TRUE
6728058,数据分析专家-LQ(J181203029),2474,2000人以上,汽车丨出行,不需要融资,"['弹性工作', '节日礼物', '岗位晋升', '技能培训']",产品|需求|项目类,数据分析,其他数据分析,[],['滴滴'],['滴滴'],2020/3/13 18:24,3天前发布,西湖区,,21500,5-10年,全职,本科,广阔平台诱人福利,disabled,2020/3/13 19:51,6799495,1,,,,30.290746,120.074315,,0,0,0,0,0.15934253,,,,0,0,,0,0,0,,,0,0,[],TRUE